<?xml version="1.0" encoding="UTF-8"?>
<!DOCTYPE suite SYSTEM "https://testng.org/testng-1.0.dtd">
<suite name="Suite">
  <test thread-count="5" name="PlayerServiceTest">
    <classes>
      <class name="com.example.player.UPDATE_PLAYER"/>
      <class name="com.example.player.PATCH_PLAYER"/>
      <class name="com.example.player.GET_PLAYERS_bdd"/>
      <class name="com.example.player.POST_PLAYER"/>
      <class name="com.example.player.DELETE_PLAYER"/>
    </classes>
  </test> <!-- PlayerServiceTest -->
</suite> <!-- Suite -->
